Group,URL
Northeast HS,https://drive.google.com/open?id=1Geu8AF4s8Tg2cupi2XOpejTnfymWgDn4wCXT6fl9V6E 
Martin Luther King HS,https://drive.google.com/open?id=17VmwlMz9D29_1Y548fj75NEOwndtttj8SJoOByJ9Uaw 
Lankenau,https://drive.google.com/open?id=1d8RVvzLtqAYBVQhqKa--oNPC7dTeUlD5XlnErHXsxw8 
J R Masterman 2019-2020,https://docs.google.com/spreadsheets/d/19NEPI2-uhrx2nUZp8R2SBHQ-uY2T-6TxMKWeuyp-0gg/edit?usp=sharing 
Franklin Learning Center,https://drive.google.com/open?id=1M6tRTHX3DUPMka42hUVLnlY2IRtKsMTLQZIjz2-if5A 
Maritime Academy Charter HS,https://drive.google.com/open?id=1F3NULb_ty8lBNN8pYlm96ulkMRzFbHXa0qnEoNOO_vA 
J R Masterman 2020-2021,https://docs.google.com/spreadsheets/d/1oKLdcJG4OGn_ThiLoXDtJHlAg7L-2kiPF2SqZm9MCs4/edit?usp=sharing
Maritime Academy Charter HS 2020-2021,https://docs.google.com/spreadsheets/d/1NLpEavNAul2jsYhVCBPvAKBVd335MX_Dn5gxTvM6AyE/edit?usp=sharing
Dock Mennonite Academy Online 2020-2021,https://docs.google.com/spreadsheets/d/1pZP5QgJSqudn6EQC_dZPi40r80gE4EnPHIkyzd8cnCY/edit?usp=sharing
Dock Mennonite Academy Offline 2020-2021,https://docs.google.com/spreadsheets/d/1JlaG2jMTsgl12Yg0V-Bfs89N1HcPeI5yzgQeeF77gz8/edit?usp=sharing
Summer PD  Online 2021 ,https://docs.google.com/spreadsheets/d/1-oV1uviJPC0CJ9K9ivcmxaP7JDezyxNB4fp1omvJY7Y/edit?usp=sharing
Summer PD Offline 2021,https://docs.google.com/spreadsheets/d/1wFgOvdXZi2Grw92ZhKVVdq7OmKc-sTNAs4X2N_wAvqs/edit?usp=sharing